{
  "_id": {
    "$oid": "64aa97929d01357fb36db605"
  },
  "id": 3,
  "objectAddress": "Sichuan",
  "area": 1234,
  "roomNumber": 2,
  "objectType": "house",
  "rooms": [
    {
      "x": 120.67733333333332,
      "y": 143.28358208955225,
      "width": 120,
      "height": 130,
      "background": "white"
    },
    {
      "x": 242.352,
      "y": 143.28358208955225,
      "width": 120,
      "height": 130,
      "background": "white"
    }
  ],
  "doors": [
    {
      "x": 169.54666666666665,
      "y": 260.69651741293535,
      "width": 12,
      "height": 13
    },
    {
      "x": 227.392,
      "y": 196.01990049751245,
      "width": 12,
      "height": 13
    }
  ],
  "client": "mishimayukio"
}